site_id,density_raw,complexity_raw,conflict_freq_per_day
R1,0.009497129577676974,0.17073170902575363,6.000069445248209
R2,0.11027674268150034,0.5274361874162625,154.00178242803736
R3,0.050008687295659375,0.37054758602424137,52.00060185881781
R4,0.007063617735622403,0.3546539032236422,0.0
R5,0.05783546285663235,0.535407375879854,1395.0161460202085
